IVE	1354890594	price	65.95
IVE	1354890594	bid	65.93
IVE	1354890594	ask	65.95
IVE	1354890597	ask	65.96
IVE	1354890599	ask	65.95
IVE	1354890600	price	65.97
IVE	1354890600	bid	65.94
IVE	1354890600	ask	65.97
IVE	1354890607	price	65.93
IVE	1354890607	bid	65.91
IVE	1354890607	ask	65.92
IVE	1354890609	price	65.92
IVE	1354890609	bid	65.92
IVE	1354890609	ask	65.93
IVE	1354890614	price	65.93
IVE	1354890614	price	65.94
IVE	1354890614	bid	65.94
IVE	1354890614	ask	65.95
IVE	1354890615	bid	65.92
IVE	1354890615	ask	65.94
IVE	1354890618	price	65.92
IVE	1354890618	bid	65.91
IVE	1354890618	ask	65.92
IVE	1354890619	price	65.93
IVE	1354890619	bid	65.92
IVE	1354890619	ask	65.94
IVE	1354890626	bid	65.94
IVE	1354890626	ask	65.96
IVE	1354890626	price	65.94
IVE	1354890626	price	65.95
IVE	1354890626	ask	65.95
IVE	1354890626	price	65.96
IVE	1354890626	bid	65.96
IVE	1354890626	ask	65.97
IVE	1354890636	price	65.94
IVE	1354890636	bid	65.92
IVE	1354890636	ask	65.94
IVE	1354890672	price	65.965
IVE	1354890672	bid	65.97
IVE	1354890672	ask	65.99
IVE	1354890672	price	65.97
IVE	1354890672	price	65.98
IVE	1354890672	ask	65.98
IVE	1354890685	price	65.9899
IVE	1354890685	bid	65.98
IVE	1354890685	ask	65.99
IVE	1354890692	price	65.9863
IVE	1354890692	price	65.98
IVE	1354890698	bid	65.96
IVE	1354890698	ask	65.98
IVE	1354890699	bid	65.97
IVE	1354890710	price	65.97
IVE	1354890710	ask	65.97
IVE	1354890711	price	65.96
IVE	1354890711	bid	65.96
IVE	1354890713	price	65.97
IVE	1354890718	price	65.98
IVE	1354890718	bid	65.97
IVE	1354890718	ask	65.98
IVE	1354890737	price	65.985
IVE	1354890737	bid	65.98
IVE	1354890737	ask	65.99
IVE	1354890737	price	65.99
IVE	1354890737	bid	65.99
IVE	1354890737	ask	66.0
IVE	1354890754	price	66.0
IVE	1354890754	bid	66.0
IVE	1354890754	ask	66.01
IVE	1354890804	price	66.01
IVE	1354890804	ask	66.02
IVE	1354890814	ask	66.01
IVE	1354890819	price	66.0
IVE	1354890820	price	66.01
IVE	1354890828	price	66.0
IVE	1354890828	bid	65.99
IVE	1354890828	ask	66.0
IVE	1354890830	bid	66.0
IVE	1354890830	ask	66.01
IVE	1354890830	bid	65.99
IVE	1354890830	ask	66.0
IVE	1354890836	price	66.0005
IVE	1354890836	bid	66.0
IVE	1354890836	ask	66.01
IVE	1354890844	price	66.001
IVE	1354890852	price	66.01
IVE	1354890852	bid	66.01
IVE	1354890852	ask	66.02
IVE	1354890854	price	66.0
IVE	1354890854	bid	66.0
IVE	1354890868	ask	66.0
IVE	1354890881	price	65.98
IVE	1354890881	bid	65.98
IVE	1354890881	ask	65.99
IVE	1354890881	price	65.9802
IVE	1354890881	price	65.98
IVE	1354890881	bid	65.97
IVE	1354890881	ask	65.98
IVE	1354890902	price	65.97
IVE	1354890902	bid	65.96
IVE	1354890902	ask	65.97
IVE	1354890907	bid	65.97
IVE	1354890907	ask	65.98
IVE	1354890911	ask	65.97
IVE	1354890913	price	65.98
IVE	1354890913	ask	65.98
IVE	1354890913	bid	65.98
IVE	1354890926	price	65.97
IVE	1354890926	bid	65.96
IVE	1354890926	ask	65.97
IVE	1354890934	price	65.98
IVE	1354890934	bid	65.98
IVE	1354890934	ask	65.99
IVE	1354890937	price	65.97
IVE	1354890937	bid	65.97
IVE	1354890937	ask	65.97
IVE	1354890946	price	65.96
IVE	1354890946	bid	65.96
IVE	1354890951	price	65.97
IVE	1354890966	price	65.9599
IVE	1354890966	bid	65.95
IVE	1354890966	ask	65.96
IVE	1354890970	price	65.96
IVE	1354890970	bid	65.96
IVE	1354890970	ask	65.97
IVE	1354890997	price	65.9499
IVE	1354890997	bid	65.94
IVE	1354890997	ask	65.95
IVE	1354890999	price	65.95
IVE	1354891002	price	65.9499
IVE	1354891006	price	65.96
IVE	1354891006	bid	65.95
IVE	1354891006	ask	65.96
IVE	1354891020	price	65.95
IVE	1354891028	price	65.94
IVE	1354891028	bid	65.93
IVE	1354891028	ask	65.94
IVE	1354891043	price	65.93
IVE	1354891043	ask	65.93
IVE	1354891046	price	65.91
IVE	1354891046	bid	65.9
IVE	1354891046	ask	65.91
IVE	1354891050	price	65.92
IVE	1354891050	bid	65.91
IVE	1354891050	ask	65.92
IVE	1354891063	price	65.95
IVE	1354891063	bid	65.95
IVE	1354891063	ask	65.96
IVE	1354891067	price	65.94
IVE	1354891067	bid	65.94
IVE	1354891067	ask	65.95
IVE	1354891070	price	65.93
IVE	1354891070	bid	65.93
IVE	1354891070	ask	65.94
IVE	1354891074	price	65.94
IVE	1354891125	price	65.95
IVE	1354891125	bid	65.95
IVE	1354891125	ask	65.96
IVE	1354891139	price	65.94
IVE	1354891139	bid	65.94
IVE	1354891139	ask	65.94
IVE	1354891142	bid	65.93
IVE	1354891142	bid	65.94
IVE	1354891142	ask	65.95
IVE	1354891162	price	65.91
IVE	1354891162	bid	65.9
IVE	1354891162	ask	65.91
IVE	1354891184	bid	65.91
IVE	1354891184	ask	65.92
IVE	1354891184	price	65.92
IVE	1354891184	bid	65.92
IVE	1354891187	price	65.91
IVE	1354891187	bid	65.91
IVE	1354891187	ask	65.91
IVE	1354891190	ask	65.92
IVE	1354891195	price	65.9
IVE	1354891195	bid	65.9
IVE	1354891195	ask	65.91
IVE	1354891197	price	65.89
IVE	1354891197	bid	65.89
IVE	1354891197	ask	65.89
IVE	1354891208	price	65.8899
IVE	1354891208	bid	65.88
IVE	1354891210	price	65.88
IVE	1354891216	price	65.87
IVE	1354891216	bid	65.86
IVE	1354891216	ask	65.87
IVE	1354891220	price	65.8899
IVE	1354891220	bid	65.87
IVE	1354891220	ask	65.89
IVE	1354891222	price	65.88
IVE	1354891222	bid	65.88
IVE	1354891226	price	65.9
IVE	1354891226	bid	65.9
IVE	1354891226	ask	65.92
IVE	1354891227	price	65.92
IVE	1354891227	bid	65.91
IVE	1354891231	bid	65.92
IVE	1354891236	price	65.91
IVE	1354891236	bid	65.91
IVE	1354891236	ask	65.91
IVE	1354891245	bid	65.9
IVE	1354891245	ask	65.92
IVE	1354891267	price	65.9145
IVE	1354891267	bid	65.91
IVE	1354891277	price	65.9
IVE	1354891277	bid	65.9
IVE	1354891277	ask	65.91
IVE	1354891283	price	65.89
IVE	1354891283	bid	65.88
IVE	1354891283	ask	65.89
IVE	1354891293	price	65.91
IVE	1354891293	bid	65.9
IVE	1354891293	ask	65.92
IVE	1354891298	price	65.9199
IVE	1354891298	bid	65.91
IVE	1354891301	price	65.92
IVE	1354891301	bid	65.92
IVE	1354891301	ask	65.93
IVE	1354891315	bid	65.91
IVE	1354891315	ask	65.92
IVE	1354891332	price	65.91
IVE	1354891332	bid	65.9
IVE	1354891332	ask	65.91
IVE	1354891344	bid	65.91
IVE	1354891344	ask	65.92
IVE	1354891358	price	65.92
IVE	1354891360	price	65.91
IVE	1354891370	bid	65.9
IVE	1354891370	ask	65.91
IVE	1354891380	bid	65.91
IVE	1354891380	ask	65.92
IVE	1354891421	price	65.94
IVE	1354891421	bid	65.94
IVE	1354891421	ask	65.95
IVE	1354891427	price	65.95
IVE	1354891440	price	65.94
IVE	1354891446	bid	65.93
IVE	1354891446	ask	65.94
IVE	1354891454	price	65.95
IVE	1354891454	bid	65.94
IVE	1354891454	ask	65.95
IVE	1354891467	price	65.96
IVE	1354891467	bid	65.96
IVE	1354891467	ask	65.97
IVE	1354891495	price	65.94
IVE	1354891495	bid	65.93
IVE	1354891495	ask	65.94
IVE	1354891508	price	65.95
IVE	1354891508	bid	65.94
IVE	1354891508	ask	65.95
IVE	1354891554	price	65.9415
IVE	1354891582	price	65.91
IVE	1354891582	bid	65.91
IVE	1354891582	ask	65.91
IVE	1354891602	bid	65.9
IVE	1354891606	price	65.9
IVE	1354891606	ask	65.92
IVE	1354891633	price	65.8999
IVE	1354891633	bid	65.89
IVE	1354891633	ask	65.9
IVE	1354891661	price	65.89
IVE	1354891661	bid	65.88
IVE	1354891661	ask	65.89
IVE	1354891689	price	65.8601
IVE	1354891689	bid	65.86
IVE	1354891689	ask	65.87
IVE	1354891713	price	65.831
IVE	1354891713	bid	65.83
IVE	1354891713	ask	65.85
IVE	1354891716	price	65.85
IVE	1354891716	bid	65.85
IVE	1354891716	ask	65.86
IVE	1354891723	price	65.8256
IVE	1354891723	bid	65.81
IVE	1354891723	ask	65.83
IVE	1354891735	price	65.83
IVE	1354891735	bid	65.83
IVE	1354891735	ask	65.84
IVE	1354891915	price	65.8478
IVE	1354891915	bid	65.84
IVE	1354891915	ask	65.85
IVE	1354891915	price	65.85
IVE	1354891915	price	65.8401
IVE	1354891929	price	65.86
IVE	1354891929	bid	65.85
IVE	1354891929	ask	65.86
IVE	1354891929	price	65.855
IVE	1354892027	price	65.88
IVE	1354892027	bid	65.88
IVE	1354892027	ask	65.9
IVE	1354892040	price	65.89
IVE	1354892040	bid	65.89
IVE	1354892097	price	65.9
IVE	1354892097	bid	65.9
IVE	1354892097	ask	65.95
IVE	1354892098	price	65.88
IVE	1354892098	bid	65.88
IVE	1354892098	ask	65.94
IVE	1354892098	price	65.87
IVE	1354892098	price	65.86
IVE	1354892098	price	65.88
IVE	1354892098	price	65.87
IVE	1354892098	price	65.88
IVE	1354892098	ask	65.93
IVE	1354892098	price	65.87
IVE	1354892098	bid	65.85
IVE	1354892098	price	65.88
IVE	1354892098	price	65.87
IVE	1354892098	price	65.86
IVE	1354892098	price	65.85
IVE	1354892098	ask	65.91
IVE	1354892098	bid	65.8
IVE	1354892098	ask	65.85
IVE	1354892098	bid	65.81
IVE	1354892105	price	65.82
IVE	1354892105	bid	65.82
IVE	1354892105	ask	65.84
IVE	1354892105	price	65.83
IVE	1354892105	bid	65.83
IVE	1354892105	ask	65.83
IVE	1354892107	price	65.84
IVE	1354892107	ask	65.84
IVE	1354892107	bid	65.84
IVE	1354892107	ask	65.85
IVE	1354892112	price	65.85
IVE	1354892112	ask	65.86
IVE	1354892112	bid	65.85
IVE	1354892112	ask	65.85
IVE	1354892112	ask	65.86
IVE	1354892112	price	65.84
IVE	1354892112	price	65.85
IVE	1354892112	price	65.82
IVE	1354892112	bid	65.81
IVE	1354892112	ask	65.82
IVE	1354892113	price	65.79
IVE	1354892113	bid	65.79
IVE	1354892113	ask	65.8
IVE	1354892125	price	65.81
IVE	1354892125	bid	65.81
IVE	1354892125	ask	65.82
IVE	1354892147	price	65.87
IVE	1354892147	bid	65.87
IVE	1354892147	ask	65.87
IVE	1354892155	price	65.85
IVE	1354892155	bid	65.85
IVE	1354892155	ask	65.86
IVE	1354892207	price	65.83
IVE	1354892207	bid	65.82
IVE	1354892207	ask	65.84
IVE	1354892223	price	65.84
IVE	1354892223	bid	65.83
IVE	1354892266	price	65.81
IVE	1354892266	bid	65.81
IVE	1354892266	ask	65.83
IVE	1354892266	ask	65.81
IVE	1354892333	price	65.87
IVE	1354892333	bid	65.87
IVE	1354892333	ask	65.87
IVE	1354892333	bid	65.86
IVE	1354892341	price	65.88
IVE	1354892341	bid	65.87
IVE	1354892341	ask	65.89
IVE	1354892353	price	65.85
IVE	1354892353	bid	65.84
IVE	1354892353	ask	65.86
IVE	1354892357	price	65.8661
IVE	1354892357	bid	65.86
IVE	1354892357	ask	65.87
IVE	1354892362	price	65.8543
IVE	1354892362	bid	65.85
IVE	1354892373	price	65.83
IVE	1354892373	bid	65.82
IVE	1354892373	ask	65.84
IVE	1354892403	price	65.87
IVE	1354892403	bid	65.86
IVE	1354892403	ask	65.87
IVE	1354892403	bid	65.87
IVE	1354892403	ask	65.88
IVE	1354892404	bid	65.86
IVE	1354892404	ask	65.87
IVE	1354892408	price	65.85
IVE	1354892408	bid	65.85
IVE	1354892408	ask	65.86
IVE	1354892408	price	65.84
IVE	1354892408	bid	65.84
IVE	1354892408	ask	65.85
IVE	1354892418	price	65.83
IVE	1354892418	bid	65.83
IVE	1354892418	ask	65.83
IVE	1354892424	price	65.81
IVE	1354892424	bid	65.81
IVE	1354892424	ask	65.82
IVE	1354892437	price	65.8199
IVE	1354892496	price	65.8486
IVE	1354892496	bid	65.83
IVE	1354892496	ask	65.85
IVE	1354892499	price	65.849
IVE	1354892553	price	65.883
IVE	1354892553	bid	65.88
IVE	1354892553	ask	65.89
IVE	1354892561	price	65.89
IVE	1354892704	price	65.869
IVE	1354892704	bid	65.86
IVE	1354892704	ask	65.87
IVE	1354892711	price	65.86
IVE	1354892712	price	65.87
IVE	1354892712	ask	65.88
IVE	1354892722	price	65.889
IVE	1354892722	bid	65.88
IVE	1354892722	ask	65.9
IVE	1354892724	price	65.8853
IVE	1354892811	price	65.889
IVE	1354892811	bid	65.87
IVE	1354892811	ask	65.89
IVE	1354892819	price	65.9
IVE	1354892819	bid	65.9
IVE	1354892819	ask	65.9
IVE	1354892824	price	65.9399
IVE	1354892824	bid	65.93
IVE	1354892824	ask	65.94
IVE	1354892831	price	65.95
IVE	1354892831	bid	65.94
IVE	1354892831	ask	65.95
IVE	1354892877	price	65.94
IVE	1354892915	price	65.92
IVE	1354892915	bid	65.92
IVE	1354892915	ask	65.93
IVE	1354892924	price	65.9299
IVE	1354892926	price	65.93
IVE	1354892968	price	65.906
IVE	1354892968	bid	65.89
IVE	1354892968	ask	65.91
IVE	1354893031	price	65.918
IVE	1354893031	bid	65.9
IVE	1354893031	ask	65.92
IVE	1354893052	price	65.9375
IVE	1354893052	bid	65.93
IVE	1354893052	ask	65.94
IVE	1354893086	price	65.9001
IVE	1354893086	bid	65.9
IVE	1354893086	ask	65.91
IVE	1354893111	price	65.86
IVE	1354893111	bid	65.86
IVE	1354893111	ask	65.87
IVE	1354893120	price	65.88
IVE	1354893120	bid	65.87
IVE	1354893120	ask	65.88
IVE	1354893183	price	65.9001
IVE	1354893183	bid	65.9
IVE	1354893183	ask	65.91
IVE	1354893193	price	65.9051
IVE	1354893208	price	65.89
IVE	1354893208	bid	65.89
IVE	1354893208	ask	65.9
IVE	1354893222	ask	65.89
IVE	1354893248	bid	65.88
IVE	1354893252	price	65.87
IVE	1354893252	bid	65.87
IVE	1354893252	ask	65.87
IVE	1354893256	price	65.878
IVE	1354893256	ask	65.88
IVE	1354893268	price	65.88
IVE	1354893275	price	65.85
IVE	1354893275	bid	65.84
IVE	1354893275	ask	65.85
IVE	1354893289	price	65.86
IVE	1354893289	bid	65.86
IVE	1354893289	ask	65.87
IVE	1354893308	bid	65.85
IVE	1354893308	ask	65.86
IVE	1354893308	bid	65.86
IVE	1354893308	ask	65.87
IVE	1354893323	price	65.87
IVE	1354893323	bid	65.87
IVE	1354893323	ask	65.88
IVE	1354893333	price	65.88
IVE	1354893335	bid	65.88
IVE	1354893347	price	65.87
IVE	1354893347	bid	65.87
IVE	1354893377	price	65.86
IVE	1354893377	bid	65.86
IVE	1354893377	ask	65.87
IVE	1354893379	price	65.87
IVE	1354893382	bid	65.87
IVE	1354893382	ask	65.88
IVE	1354893394	price	65.88
IVE	1354893394	bid	65.88
IVE	1354893394	ask	65.89
IVE	1354893394	bid	65.87
IVE	1354893408	price	65.9
IVE	1354893408	bid	65.9
IVE	1354893408	ask	65.9
IVE	1354893415	price	65.87
IVE	1354893415	bid	65.87
IVE	1354893415	ask	65.88
IVE	1354893420	price	65.88
IVE	1354893420	bid	65.88
IVE	1354893420	ask	65.89
IVE	1354893426	price	65.89
IVE	1354893480	price	65.85
IVE	1354893480	bid	65.84
IVE	1354893480	ask	65.85
IVE	1354893504	price	65.86
IVE	1354893504	bid	65.86
IVE	1354893504	ask	65.87
IVE	1354893504	bid	65.85
IVE	1354893510	price	65.87
IVE	1354893510	bid	65.87
IVE	1354893510	ask	65.88
IVE	1354893529	price	65.88
IVE	1354893529	bid	65.88
IVE	1354893529	ask	65.89
IVE	1354893532	price	65.89
IVE	1354893532	bid	65.89
IVE	1354893532	ask	65.9
IVE	1354893546	price	65.8963
IVE	1354893551	price	65.89
IVE	1354893558	price	65.88
IVE	1354893558	bid	65.87
IVE	1354893558	ask	65.88
IVE	1354893570	price	65.87
IVE	1354893570	ask	65.87
IVE	1354893592	price	65.85
IVE	1354893592	bid	65.85
IVE	1354893592	ask	65.86
IVE	1354893597	price	65.84
IVE	1354893597	bid	65.84
IVE	1354893597	ask	65.85
IVE	1354893604	price	65.82
IVE	1354893604	bid	65.82
IVE	1354893604	ask	65.83
IVE	1354893619	price	65.835
IVE	1354893619	bid	65.83
IVE	1354893619	ask	65.84
IVE	1354893620	price	65.84
IVE	1354893620	bid	65.85
IVE	1354893620	ask	65.85
IVE	1354893653	price	65.85
IVE	1354893653	ask	65.86
IVE	1354893655	price	65.86
IVE	1354893655	bid	65.86
IVE	1354893655	ask	65.87
IVE	1354893662	price	65.87
IVE	1354893710	price	65.875
IVE	1354893710	bid	65.87
IVE	1354893710	ask	65.88
IVE	1354893710	price	65.88
IVE	1354893710	bid	65.88
IVE	1354893755	price	65.8699
IVE	1354893755	bid	65.86
IVE	1354893755	ask	65.87
IVE	1354893765	price	65.84
IVE	1354893765	bid	65.84
IVE	1354893765	ask	65.85
IVE	1354893821	ask	65.84
IVE	1354893846	price	65.83
IVE	1354893846	bid	65.83
IVE	1354893846	ask	65.83
IVE	1354893870	price	65.85
IVE	1354893870	bid	65.85
IVE	1354893870	ask	65.86
IVE	1354893893	price	65.84
IVE	1354893893	bid	65.84
IVE	1354893893	ask	65.85
IVE	1354893936	price	65.8763
IVE	1354893936	bid	65.87
IVE	1354893936	ask	65.88
IVE	1354893985	price	65.85
IVE	1354893985	bid	65.85
IVE	1354893985	ask	65.85
IVE	1354894009	price	65.8599
IVE	1354894009	ask	65.86
IVE	1354894021	price	65.84
IVE	1354894021	bid	65.84
IVE	1354894021	ask	65.85
IVE	1354894023	price	65.81
IVE	1354894023	bid	65.8
IVE	1354894023	ask	65.81
IVE	1354894023	price	65.8
IVE	1354894023	ask	65.8
IVE	1354894025	price	65.81
IVE	1354894025	bid	65.81
IVE	1354894025	ask	65.81
IVE	1354894030	price	65.8
IVE	1354894030	bid	65.8
IVE	1354894032	ask	65.8
IVE	1354894041	ask	65.81
IVE	1354894078	price	65.82
IVE	1354894169	price	65.83
IVE	1354894169	bid	65.82
IVE	1354894169	ask	65.83
IVE	1354894173	price	65.82
IVE	1354894173	ask	65.82
IVE	1354894173	ask	65.83
IVE	1354894239	price	65.83
IVE	1354894239	bid	65.83
IVE	1354894239	ask	65.85
IVE	1354894239	ask	65.84
IVE	1354894241	bid	65.82
IVE	1354894241	ask	65.83
IVE	1354894242	price	65.82
IVE	1354894242	bid	65.81
IVE	1354894242	ask	65.82
IVE	1354894260	price	65.81
IVE	1354894261	price	65.8
IVE	1354894261	bid	65.8
IVE	1354894261	ask	65.81
IVE	1354894271	price	65.79
IVE	1354894271	bid	65.78
IVE	1354894271	ask	65.79
IVE	1354894271	bid	65.79
IVE	1354894271	ask	65.8
IVE	1354894290	price	65.8
IVE	1354894293	price	65.78
IVE	1354894293	bid	65.78
IVE	1354894293	ask	65.79
IVE	1354894293	bid	65.77
IVE	1354894293	ask	65.78
IVE	1354894294	price	65.77
IVE	1354894294	ask	65.77
IVE	1354894300	price	65.75
IVE	1354894300	bid	65.75
IVE	1354894300	ask	65.76
IVE	1354894301	price	65.76
IVE	1354894301	bid	65.76
IVE	1354894301	ask	65.77
IVE	1354894367	bid	65.75
IVE	1354894367	ask	65.76
IVE	1354894376	price	65.73
IVE	1354894376	bid	65.73
IVE	1354894376	ask	65.73
IVE	1354894378	bid	65.72
IVE	1354894399	price	65.72
IVE	1354894400	price	65.725
IVE	1354894409	price	65.72
IVE	1354894410	bid	65.71
IVE	1354894410	ask	65.72
IVE	1354894411	bid	65.72
IVE	1354894419	price	65.73
IVE	1354894419	ask	65.73
IVE	1354894449	price	65.74
IVE	1354894449	bid	65.73
IVE	1354894449	ask	65.74
IVE	1354894455	price	65.7395
IVE	1354894465	price	65.73
IVE	1354894465	bid	65.72
IVE	1354894465	ask	65.73
IVE	1354894484	price	65.71
IVE	1354894484	bid	65.71
IVE	1354894484	ask	65.71
IVE	1354894484	price	65.7
IVE	1354894484	bid	65.7
IVE	1354894484	ask	65.72
IVE	1354894612	price	65.74
IVE	1354894612	bid	65.73
IVE	1354894612	ask	65.74
IVE	1354894682	price	65.7506
IVE	1354894682	bid	65.75
IVE	1354894682	ask	65.76
IVE	1354894686	price	65.75
IVE	1354894686	bid	65.74
IVE	1354894686	ask	65.75
IVE	1354894743	bid	65.75
IVE	1354894762	price	65.74
IVE	1354894762	bid	65.74
IVE	1354894812	price	65.7501
IVE	1354894812	bid	65.75
IVE	1354894812	ask	65.76
IVE	1354894814	price	65.76
IVE	1354894814	bid	65.76
IVE	1354894818	ask	65.77
IVE	1354894822	price	65.75
IVE	1354894822	bid	65.75
IVE	1354894822	ask	65.76
IVE	1354894835	price	65.74
IVE	1354894835	bid	65.74
IVE	1354894835	ask	65.75
IVE	1354894880	price	65.73
IVE	1354894880	bid	65.73
IVE	1354894880	ask	65.73
IVE	1354894913	price	65.76
IVE	1354894913	bid	65.75
IVE	1354894913	ask	65.76
IVE	1354894943	price	65.73
IVE	1354894943	bid	65.72
IVE	1354894943	ask	65.74
IVE	1354894943	bid	65.73
IVE	1354895005	price	65.76
IVE	1354895005	bid	65.76
IVE	1354895005	ask	65.77
IVE	1354895010	price	65.77
IVE	1354895010	bid	65.77
IVE	1354895010	ask	65.78
IVE	1354895022	bid	65.76
IVE	1354895022	ask	65.77
IVE	1354895047	price	65.78
IVE	1354895047	bid	65.78
IVE	1354895047	ask	65.79
IVE	1354895128	price	65.81
IVE	1354895128	bid	65.81
IVE	1354895128	ask	65.82
IVE	1354895143	price	65.82
IVE	1354895143	bid	65.82
IVE	1354895143	ask	65.83
IVE	1354895188	price	65.799
IVE	1354895188	bid	65.79
IVE	1354895188	ask	65.8
IVE	1354895223	price	65.8
IVE	1354895223	ask	65.81
IVE	1354895238	price	65.81
IVE	1354895238	bid	65.8
IVE	1354895247	bid	65.81
IVE	1354895247	ask	65.82
IVE	1354895251	bid	65.8
IVE	1354895251	ask	65.81
IVE	1354895262	price	65.8
IVE	1354895273	bid	65.79
IVE	1354895273	ask	65.8
IVE	1354895293	bid	65.8
IVE	1354895293	ask	65.81
IVE	1354895303	price	65.8055
IVE	1354895303	price	65.8
IVE	1354895303	bid	65.79
IVE	1354895303	ask	65.8
IVE	1354895350	price	65.77
IVE	1354895350	bid	65.77
IVE	1354895350	ask	65.78
IVE	1354895360	price	65.7501
IVE	1354895360	bid	65.75
IVE	1354895360	ask	65.76
IVE	1354895386	price	65.78
IVE	1354895386	bid	65.78
IVE	1354895386	ask	65.79
IVE	1354895409	price	65.77
IVE	1354895409	bid	65.75
IVE	1354895409	ask	65.77
IVE	1354895409	price	65.76
IVE	1354895411	bid	65.76
IVE	1354895425	price	65.74
IVE	1354895425	bid	65.74
IVE	1354895425	ask	65.75
IVE	1354895432	price	65.7501
IVE	1354895432	bid	65.75
IVE	1354895432	ask	65.76
IVE	1354895432	price	65.76
IVE	1354895441	bid	65.77
IVE	1354895441	ask	65.77
IVE	1354895441	price	65.77
IVE	1354895457	price	65.76
IVE	1354895457	bid	65.75
IVE	1354895457	ask	65.76
IVE	1354895496	price	65.73
IVE	1354895496	bid	65.73
IVE	1354895496	ask	65.73
IVE	1354895503	price	65.71
IVE	1354895503	bid	65.71
IVE	1354895503	ask	65.72
IVE	1354895521	price	65.72
IVE	1354895521	bid	65.72
IVE	1354895521	ask	65.73
IVE	1354895546	price	65.76
IVE	1354895546	bid	65.76
IVE	1354895546	ask	65.77
IVE	1354895572	bid	65.75
IVE	1354895572	ask	65.76
IVE	1354895604	bid	65.76
IVE	1354895604	ask	65.77
IVE	1354895685	bid	65.75
IVE	1354895687	bid	65.76
IVE	1354895692	price	65.74
IVE	1354895692	bid	65.74
IVE	1354895692	ask	65.75
IVE	1354895726	price	65.73
IVE	1354895726	bid	65.73
IVE	1354895726	ask	65.74
IVE	1354895729	price	65.75
IVE	1354895729	bid	65.74
IVE	1354895729	ask	65.75
IVE	1354895733	bid	65.75
IVE	1354895733	ask	65.76
IVE	1354895749	price	65.76
IVE	1354895749	ask	65.77
IVE	1354895768	price	65.74
IVE	1354895768	bid	65.73
IVE	1354895768	ask	65.74
IVE	1354895804	price	65.71
IVE	1354895804	bid	65.71
IVE	1354895804	ask	65.72
IVE	1354895815	price	65.7201
IVE	1354895815	bid	65.72
IVE	1354895815	ask	65.73
IVE	1354895845	price	65.7499
IVE	1354895845	bid	65.73
IVE	1354895845	ask	65.75
IVE	1354895857	price	65.75
IVE	1354895857	bid	65.74
IVE	1354895872	price	65.74
IVE	1354895886	ask	65.74
IVE	1354895887	ask	65.75
IVE	1354895896	price	65.75
IVE	1354895896	bid	65.75
IVE	1354895896	ask	65.76
IVE	1354895926	price	65.76
IVE	1354895954	price	65.75
IVE	1354895954	bid	65.74
IVE	1354895954	ask	65.75
IVE	1354895975	price	65.73
IVE	1354895975	bid	65.73
IVE	1354895975	ask	65.73
IVE	1354896073	price	65.74
IVE	1354896073	bid	65.74
IVE	1354896073	ask	65.75
IVE	1354896074	price	65.71
IVE	1354896074	bid	65.71
IVE	1354896074	ask	65.71
IVE	1354896078	price	65.72
IVE	1354896078	bid	65.72
IVE	1354896078	ask	65.72
IVE	1354896083	price	65.69
IVE	1354896083	bid	65.68
IVE	1354896083	ask	65.7
IVE	1354896087	price	65.63
IVE	1354896087	bid	65.63
IVE	1354896087	ask	65.63
IVE	1354896089	ask	65.64
IVE	1354896120	price	65.64
IVE	1354896156	price	65.67
IVE	1354896156	bid	65.67
IVE	1354896156	ask	65.67
IVE	1354896157	ask	65.68
IVE	1354896197	price	65.681
IVE	1354896197	ask	65.69
IVE	1354896207	price	65.71
IVE	1354896207	bid	65.71
IVE	1354896207	ask	65.72
IVE	1354896260	price	65.69
IVE	1354896260	bid	65.69
IVE	1354896260	ask	65.69
IVE	1354896260	price	65.7
IVE	1354896260	bid	65.7
IVE	1354896260	ask	65.71
IVE	1354896297	bid	65.69
IVE	1354896297	ask	65.7
IVE	1354896333	price	65.72
IVE	1354896333	bid	65.71
IVE	1354896333	ask	65.72
IVE	1354896349	price	65.742
IVE	1354896349	bid	65.74
IVE	1354896349	ask	65.75
IVE	1354896371	price	65.74
IVE	1354896371	bid	65.73
IVE	1354896371	ask	65.74
IVE	1354896373	price	65.76
IVE	1354896373	bid	65.75
IVE	1354896373	ask	65.76
IVE	1354896377	bid	65.76
IVE	1354896377	ask	65.77
IVE	1354896377	bid	65.75
IVE	1354896377	ask	65.76
IVE	1354896404	price	65.7319
IVE	1354896404	bid	65.73
IVE	1354896404	ask	65.74
IVE	1354896405	price	65.73
IVE	1354896423	price	65.72
IVE	1354896423	bid	65.71
IVE	1354896423	ask	65.72
IVE	1354896538	price	65.71
IVE	1354896538	bid	65.7
IVE	1354896538	ask	65.71
IVE	1354896728	price	65.72
IVE	1354896728	bid	65.72
IVE	1354896728	ask	65.73
IVE	1354896767	price	65.68
IVE	1354896767	bid	65.68
IVE	1354896767	ask	65.69
IVE	1354896861	price	65.7101
IVE	1354896861	bid	65.7
IVE	1354896861	ask	65.72
IVE	1354896862	price	65.71
IVE	1354896862	bid	65.71
IVE	1354896863	price	65.716
IVE	1354896875	price	65.72
IVE	1354896875	bid	65.72
IVE	1354896875	ask	65.73
IVE	1354896919	bid	65.71
IVE	1354896919	ask	65.72
IVE	1354896919	price	65.73
IVE	1354896932	bid	65.72
IVE	1354896932	ask	65.73
IVE	1354896934	price	65.74
IVE	1354896934	bid	65.74
IVE	1354896934	ask	65.75
IVE	1354896955	price	65.76
IVE	1354896955	bid	65.76
IVE	1354896955	ask	65.77
IVE	1354896955	price	65.77
IVE	1354896961	price	65.74
IVE	1354896961	bid	65.74
IVE	1354896961	ask	65.75
IVE	1354896967	price	65.76
IVE	1354896967	bid	65.76
IVE	1354896967	ask	65.77
IVE	1354896977	price	65.78
IVE	1354896977	bid	65.77
IVE	1354896977	ask	65.78
IVE	1354896984	price	65.8
IVE	1354896984	bid	65.79
IVE	1354896984	ask	65.8
IVE	1354896984	ask	65.81
IVE	1354896994	price	65.79
IVE	1354896994	bid	65.78
IVE	1354896994	ask	65.79
IVE	1354897008	bid	65.79
IVE	1354897008	ask	65.8
IVE	1354897032	price	65.78
IVE	1354897032	bid	65.78
IVE	1354897032	ask	65.79
IVE	1354897036	bid	65.77
IVE	1354897036	ask	65.78
IVE	1354897060	bid	65.78
IVE	1354897060	ask	65.79
IVE	1354897069	price	65.79
IVE	1354897069	bid	65.79
IVE	1354897069	ask	65.8
IVE	1354897072	price	65.8
IVE	1354897073	bid	65.8
IVE	1354897073	ask	65.81
IVE	1354897103	price	65.82
IVE	1354897103	bid	65.81
IVE	1354897103	ask	65.82
IVE	1354897121	price	65.81
IVE	1354897121	bid	65.8
IVE	1354897121	ask	65.81
IVE	1354897129	bid	65.81
IVE	1354897129	ask	65.82
IVE	1354897139	bid	65.8
IVE	1354897139	ask	65.81
IVE	1354897151	price	65.79
IVE	1354897151	bid	65.78
IVE	1354897151	ask	65.79
IVE	1354897169	price	65.78
IVE	1354897174	bid	65.77
IVE	1354897217	price	65.77
IVE	1354897217	bid	65.76
IVE	1354897217	ask	65.77
IVE	1354897222	price	65.78
IVE	1354897222	bid	65.77
IVE	1354897222	ask	65.78
IVE	1354897259	bid	65.78
IVE	1354897259	ask	65.79
IVE	1354897286	price	65.81
IVE	1354897286	bid	65.8
IVE	1354897286	ask	65.81
IVE	1354897297	price	65.8
IVE	1354897297	bid	65.79
IVE	1354897321	price	65.78
IVE	1354897321	bid	65.78
IVE	1354897321	ask	65.79
IVE	1354897326	price	65.79
IVE	1354897331	price	65.8
IVE	1354897331	bid	65.79
IVE	1354897331	ask	65.8
IVE	1354897352	price	65.78
IVE	1354897352	bid	65.77
IVE	1354897352	ask	65.78
IVE	1354897369	bid	65.78
IVE	1354897369	ask	65.8
IVE	1354897380	bid	65.77
IVE	1354897380	ask	65.79
IVE	1354897383	price	65.77
IVE	1354897383	ask	65.78
IVE	1354897408	price	65.78
IVE	1354897408	bid	65.78
IVE	1354897408	ask	65.79
IVE	1354897416	price	65.77
IVE	1354897416	bid	65.76
IVE	1354897416	ask	65.77
IVE	1354897416	price	65.78
IVE	1354897416	bid	65.77
IVE	1354897416	ask	65.78
IVE	1354897429	price	65.76
IVE	1354897429	bid	65.76
IVE	1354897429	ask	65.77
IVE	1354897493	price	65.78
IVE	1354897493	bid	65.77
IVE	1354897493	ask	65.78
IVE	1354897494	price	65.77
IVE	1354897494	price	65.7799
IVE	1354897494	price	65.7798
IVE	1354897494	price	65.7705
IVE	1354897494	price	65.7799
IVE	1354897494	price	65.78
IVE	1354897494	price	65.7799
IVE	1354897494	price	65.7792
IVE	1354897494	price	65.78
IVE	1354897510	bid	65.78
IVE	1354897510	ask	65.79
IVE	1354897516	price	65.8
IVE	1354897516	bid	65.79
IVE	1354897516	ask	65.8
IVE	1354897522	price	65.79
IVE	1354897522	bid	65.78
IVE	1354897522	ask	65.79
IVE	1354897544	price	65.78
IVE	1354897548	price	65.8
IVE	1354897548	bid	65.79
IVE	1354897548	ask	65.81
IVE	1354897564	price	65.79
IVE	1354897564	bid	65.78
IVE	1354897564	ask	65.79
IVE	1354897598	price	65.78
IVE	1354897598	bid	65.77
IVE	1354897598	ask	65.78
IVE	1354897610	price	65.79
IVE	1354897610	bid	65.79
IVE	1354897610	ask	65.8
IVE	1354897712	price	65.76
IVE	1354897712	bid	65.76
IVE	1354897712	ask	65.77
IVE	1354897718	price	65.77
IVE	1354897718	bid	65.77
IVE	1354897744	price	65.78
IVE	1354897744	bid	65.78
IVE	1354897744	ask	65.79
IVE	1354897758	price	65.8
IVE	1354897758	bid	65.79
IVE	1354897758	ask	65.8
IVE	1354897824	price	65.79
IVE	1354897839	price	65.77
IVE	1354897839	bid	65.77
IVE	1354897839	ask	65.78
IVE	1354897856	price	65.79
IVE	1354897856	bid	65.78
IVE	1354897856	ask	65.79
IVE	1354897865	price	65.77
IVE	1354897865	bid	65.77
IVE	1354897865	ask	65.78
IVE	1354897865	bid	65.76
IVE	1354897865	ask	65.77
IVE	1354897887	bid	65.77
IVE	1354897898	price	65.75
IVE	1354897898	bid	65.74
IVE	1354897898	ask	65.75
IVE	1354897899	price	65.74
IVE	1354897899	bid	65.73
IVE	1354897899	ask	65.74
IVE	1354897899	bid	65.74
IVE	1354897899	ask	65.75
IVE	1354897911	price	65.76
IVE	1354897911	bid	65.75
IVE	1354897911	ask	65.76
IVE	1354897912	price	65.75
IVE	1354897912	bid	65.74
IVE	1354897912	ask	65.75
IVE	1354897930	price	65.76
IVE	1354897930	bid	65.75
IVE	1354897930	ask	65.76
IVE	1354897930	bid	65.76
IVE	1354897931	price	65.77
IVE	1354897931	ask	65.78
IVE	1354897939	price	65.76
IVE	1354897939	ask	65.77
IVE	1354897940	bid	65.75
IVE	1354897940	ask	65.76
IVE	1354897996	price	65.79
IVE	1354897996	bid	65.78
IVE	1354897996	ask	65.79
IVE	1354898024	price	65.82
IVE	1354898024	bid	65.82
IVE	1354898024	ask	65.82
IVE	1354898025	price	65.84
IVE	1354898025	bid	65.83
IVE	1354898025	ask	65.84
IVE	1354898026	price	65.85
IVE	1354898026	bid	65.84
IVE	1354898026	ask	65.85
IVE	1354898029	price	65.84
IVE	1354898057	price	65.85
IVE	1354898072	price	65.84
IVE	1354898072	bid	65.83
IVE	1354898072	ask	65.84
IVE	1354898078	price	65.82
IVE	1354898078	bid	65.82
IVE	1354898078	ask	65.83
IVE	1354898084	price	65.83
IVE	1354898135	price	65.8201
IVE	1354898149	price	65.83
IVE	1354898149	ask	65.84
IVE	1354898149	price	65.84
IVE	1354898205	price	65.82
IVE	1354898205	bid	65.81
IVE	1354898205	ask	65.82
IVE	1354898214	price	65.8101
IVE	1354898214	price	65.81
IVE	1354898214	price	65.8101
IVE	1354898214	price	65.81
IVE	1354898214	price	65.8101
IVE	1354898217	price	65.815
IVE	1354898217	bid	65.8
IVE	1354898217	ask	65.81
IVE	1354898217	price	65.81
IVE	1354898217	price	65.815
IVE	1354898217	price	65.81
IVE	1354898217	price	65.815
IVE	1354898248	price	65.81
IVE	1354898248	bid	65.81
IVE	1354898248	ask	65.82
IVE	1354898248	price	65.8
IVE	1354898248	bid	65.79
IVE	1354898248	ask	65.81
IVE	1354898248	bid	65.8
IVE	1354898248	ask	65.8
IVE	1354898289	price	65.82
IVE	1354898289	bid	65.82
IVE	1354898289	ask	65.82
IVE	1354898298	price	65.8101
IVE	1354898298	bid	65.81
IVE	1354898314	price	65.83
IVE	1354898314	bid	65.83
IVE	1354898314	ask	65.84
IVE	1354898321	ask	65.83
IVE	1354898328	price	65.821
IVE	1354898328	bid	65.82
IVE	1354898329	price	65.82
IVE	1354898329	ask	65.82
IVE	1354898337	price	65.8145
IVE	1354898337	bid	65.81
IVE	1354898366	price	65.81
IVE	1354898366	ask	65.81
IVE	1354898366	ask	65.82
IVE	1354898388	price	65.818
IVE	1354898415	price	65.82
IVE	1354898416	bid	65.82
IVE	1354898416	ask	65.83
IVE	1354898432	bid	65.8
IVE	1354898432	ask	65.82
IVE	1354898458	bid	65.82
IVE	1354898458	ask	65.83
IVE	1354898465	price	65.8
IVE	1354898465	bid	65.8
IVE	1354898465	ask	65.81
IVE	1354898466	price	65.81
IVE	1354898466	bid	65.81
IVE	1354898466	ask	65.82
IVE	1354898486	bid	65.8
IVE	1354898486	ask	65.81
IVE	1354898490	bid	65.81
IVE	1354898490	ask	65.82
IVE	1354898494	price	65.82
IVE	1354898494	bid	65.82
IVE	1354898494	ask	65.83
IVE	1354898522	price	65.81
IVE	1354898522	bid	65.81
IVE	1354898522	ask	65.82
IVE	1354898524	bid	65.8
IVE	1354898524	ask	65.81
IVE	1354898641	price	65.84
IVE	1354898641	bid	65.83
IVE	1354898641	ask	65.84
IVE	1354898659	price	65.83
IVE	1354898659	bid	65.82
IVE	1354898659	ask	65.83
IVE	1354898710	price	65.8
IVE	1354898710	bid	65.79
IVE	1354898710	ask	65.8
IVE	1354898712	bid	65.8
IVE	1354898712	ask	65.81
IVE	1354898721	ask	65.8
IVE	1354898732	price	65.81
IVE	1354898732	ask	65.82
IVE	1354898787	price	65.83
IVE	1354898787	bid	65.83
IVE	1354898787	ask	65.83
IVE	1354898790	price	65.822
IVE	1354898790	ask	65.84
IVE	1354898804	price	65.84
IVE	1354898804	bid	65.84
IVE	1354898804	ask	65.85
IVE	1354898813	price	65.85
IVE	1354898813	bid	65.83
IVE	1354898813	price	65.8438
IVE	1354898840	price	65.83
IVE	1354898840	bid	65.82
IVE	1354898840	ask	65.83
IVE	1354898844	price	65.82
IVE	1354898893	price	65.81
IVE	1354898893	bid	65.81
IVE	1354898893	ask	65.82
IVE	1354898917	price	65.8
IVE	1354898917	bid	65.8
IVE	1354898917	ask	65.81
IVE	1354898917	bid	65.79
IVE	1354898917	ask	65.8
IVE	1354898918	bid	65.8
IVE	1354898918	ask	65.81
IVE	1354898919	bid	65.79
IVE	1354898919	ask	65.8
IVE	1354898923	bid	65.8
IVE	1354898927	bid	65.79
IVE	1354898960	price	65.81
IVE	1354898960	bid	65.81
IVE	1354898960	ask	65.81
IVE	1354898984	ask	65.82
IVE	1354899025	price	65.8
IVE	1354899025	bid	65.8
IVE	1354899025	ask	65.81
IVE	1354899025	bid	65.79
IVE	1354899025	ask	65.8
IVE	1354899043	price	65.79
IVE	1354899043	bid	65.78
IVE	1354899043	ask	65.79
IVE	1354899045	bid	65.79
IVE	1354899045	ask	65.8
IVE	1354899047	price	65.8
IVE	1354899048	ask	65.81
IVE	1354899048	ask	65.8
IVE	1354899060	price	65.81
IVE	1354899060	bid	65.8
IVE	1354899060	ask	65.81
IVE	1354899060	price	65.8099
IVE	1354899060	price	65.8097
IVE	1354899060	price	65.8019
IVE	1354899060	price	65.8099
IVE	1354899060	price	65.8097
IVE	1354899070	price	65.81
IVE	1354899074	price	65.8
IVE	1354899074	ask	65.8
IVE	1354899140	price	65.77
IVE	1354899140	bid	65.77
IVE	1354899140	ask	65.77
IVE	1354899149	ask	65.78
IVE	1354899179	price	65.75
IVE	1354899179	bid	65.75
IVE	1354899179	ask	65.76
IVE	1354899201	price	65.76
IVE	1354899201	bid	65.76
IVE	1354899251	bid	65.75
IVE	1354899255	price	65.75
IVE	1354899255	bid	65.74
IVE	1354899255	ask	65.75
IVE	1354899264	price	65.74
IVE	1354899264	bid	65.73
IVE	1354899264	ask	65.74
IVE	1354899264	bid	65.74
IVE	1354899264	ask	65.75
IVE	1354899264	ask	65.74
IVE	1354899264	bid	65.73
IVE	1354899264	ask	65.75
IVE	1354899264	bid	65.74
IVE	1354899293	ask	65.74
IVE	1354899300	price	65.75
IVE	1354899300	bid	65.75
IVE	1354899300	ask	65.75
IVE	1354899325	price	65.76
IVE	1354899325	ask	65.76
IVE	1354899337	price	65.75
IVE	1354899337	bid	65.74
IVE	1354899337	ask	65.75
IVE	1354899341	price	65.74
IVE	1354899341	bid	65.73
IVE	1354899341	ask	65.74
IVE	1354899356	price	65.73
IVE	1354899391	price	65.76
IVE	1354899391	bid	65.75
IVE	1354899391	ask	65.76
IVE	1354899402	price	65.75
IVE	1354899411	bid	65.74
IVE	1354899411	ask	65.75
IVE	1354899423	price	65.74
IVE	1354899478	bid	65.73
IVE	1354899478	ask	65.74
IVE	1354899484	bid	65.74
IVE	1354899513	price	65.73
IVE	1354899513	bid	65.72
IVE	1354899513	ask	65.73
IVE	1354899537	price	65.75
IVE	1354899537	bid	65.75
IVE	1354899537	ask	65.75
IVE	1354899559	ask	65.76
IVE	1354899565	price	65.74
IVE	1354899565	bid	65.74
IVE	1354899565	ask	65.74
IVE	1354899598	price	65.75
IVE	1354899598	ask	65.75
IVE	1354899654	price	65.74
IVE	1354899739	price	65.75
IVE	1354899739	bid	65.75
IVE	1354899739	ask	65.76
IVE	1354899739	bid	65.74
IVE	1354899739	ask	65.75
IVE	1354899743	price	65.74
IVE	1354899743	bid	65.73
IVE	1354899743	ask	65.74
IVE	1354899762	price	65.73
IVE	1354899825	price	65.75
IVE	1354899825	bid	65.74
IVE	1354899825	ask	65.75
IVE	1354899840	bid	65.75
IVE	1354899897	ask	65.76
IVE	1354899897	bid	65.74
IVE	1354899897	ask	65.75
IVE	1354899904	price	65.7423
IVE	1354899949	price	65.74
IVE	1354899996	price	65.76
IVE	1354899996	bid	65.76
IVE	1354899996	ask	65.76
IVE	1354900018	price	65.742
IVE	1354900018	bid	65.74
IVE	1354900018	ask	65.75
IVE	1354900035	price	65.73
IVE	1354900035	bid	65.72
IVE	1354900035	ask	65.73
IVE	1354900037	bid	65.73
IVE	1354900048	bid	65.72
IVE	1354900049	price	65.74
IVE	1354900049	bid	65.74
IVE	1354900049	ask	65.75
IVE	1354900051	price	65.75
IVE	1354900051	bid	65.75
IVE	1354900051	ask	65.76
IVE	1354900051	price	65.76
IVE	1354900051	price	65.75
IVE	1354900051	price	65.76
IVE	1354900051	price	65.75
IVE	1354900051	price	65.76
IVE	1354900051	bid	65.76
IVE	1354900051	ask	65.77
IVE	1354900051	price	65.77
IVE	1354900051	price	65.76
IVE	1354900051	price	65.77
IVE	1354900051	price	65.76
IVE	1354900051	price	65.77
IVE	1354900051	price	65.76
IVE	1354900051	price	65.77
IVE	1354900051	price	65.76
IVE	1354900051	price	65.77
IVE	1354900051	price	65.76
IVE	1354900051	price	65.77
IVE	1354900051	price	65.76
IVE	1354900051	price	65.77
IVE	1354900051	price	65.76
IVE	1354900052	price	65.7604
IVE	1354900052	price	65.76
IVE	1354900052	bid	65.75
IVE	1354900052	ask	65.76
IVE	1354900063	price	65.75
IVE	1354900115	bid	65.74
IVE	1354900115	ask	65.75
IVE	1354900155	price	65.78
IVE	1354900155	bid	65.77
IVE	1354900155	ask	65.78
IVE	1354900174	bid	65.78
IVE	1354900174	ask	65.79
IVE	1354900180	price	65.77
IVE	1354900180	bid	65.76
IVE	1354900180	ask	65.77
IVE	1354900222	price	65.7601
IVE	1354900230	price	65.78
IVE	1354900230	bid	65.77
IVE	1354900230	ask	65.78
IVE	1354900231	bid	65.78
IVE	1354900248	price	65.77
IVE	1354900248	bid	65.77
IVE	1354900455	price	65.79
IVE	1354900455	bid	65.79
IVE	1354900455	ask	65.79
IVE	1354900529	price	65.77
IVE	1354900529	bid	65.76
IVE	1354900529	ask	65.77
IVE	1354900562	price	65.7801
IVE	1354900562	bid	65.78
IVE	1354900562	ask	65.79
IVE	1354900574	price	65.79
IVE	1354900592	bid	65.79
IVE	1354900612	price	65.8036
IVE	1354900612	bid	65.8
IVE	1354900612	ask	65.81
IVE	1354900634	price	65.81
IVE	1354900698	price	65.84
IVE	1354900698	bid	65.83
IVE	1354900698	ask	65.84
IVE	1354900703	bid	65.84
IVE	1354900703	ask	65.85
IVE	1354900709	price	65.83
IVE	1354900709	bid	65.83
IVE	1354900709	ask	65.84
IVE	1354900713	price	65.831
IVE	1354900763	price	65.811
IVE	1354900763	bid	65.81
IVE	1354900763	ask	65.82
IVE	1354900766	price	65.814
IVE	1354900854	price	65.81
IVE	1354900854	bid	65.8
IVE	1354900854	ask	65.81
IVE	1354900854	bid	65.81
IVE	1354900854	ask	65.82
IVE	1354900891	price	65.82
IVE	1354900930	price	65.8
IVE	1354900930	bid	65.8
IVE	1354900930	ask	65.8
IVE	1354901011	price	65.82
IVE	1354901011	bid	65.81
IVE	1354901011	ask	65.82
IVE	1354901024	price	65.81
IVE	1354901024	bid	65.8
IVE	1354901024	ask	65.81
IVE	1354901050	price	65.8
IVE	1354901050	ask	65.8
IVE	1354901205	price	65.821
IVE	1354901205	bid	65.82
IVE	1354901205	ask	65.83
IVE	1354901416	price	65.8
IVE	1354901416	bid	65.79
IVE	1354901416	ask	65.8
IVE	1354901456	bid	65.8
IVE	1354901456	ask	65.81
IVE	1354901471	price	65.81
IVE	1354901471	bid	65.79
IVE	1354901523	bid	65.81
IVE	1354901523	ask	65.82
IVE	1354901577	price	65.8099
IVE	1354901577	bid	65.8
IVE	1354901577	ask	65.81
IVE	1354901636	price	65.81
IVE	1354901636	bid	65.81
IVE	1354901652	price	65.8
IVE	1354901652	bid	65.8
IVE	1354901671	price	65.81
IVE	1354901789	price	65.82
IVE	1354901789	bid	65.81
IVE	1354901789	ask	65.82
IVE	1354901790	bid	65.82
IVE	1354901790	ask	65.83
IVE	1354901858	price	65.8
IVE	1354901858	bid	65.8
IVE	1354901858	ask	65.81
IVE	1354901859	bid	65.79
IVE	1354901859	ask	65.8
IVE	1354901870	price	65.81
IVE	1354901870	bid	65.8
IVE	1354901870	ask	65.81
IVE	1354901930	price	65.8065
IVE	1354901951	price	65.8
IVE	1354901951	bid	65.79
IVE	1354901951	ask	65.8
IVE	1354901995	price	65.77
IVE	1354901995	bid	65.77
IVE	1354901995	ask	65.78
IVE	1354902002	price	65.78
IVE	1354902004	price	65.79
IVE	1354902004	bid	65.79
IVE	1354902004	ask	65.79
IVE	1354902022	ask	65.8
IVE	1354902027	bid	65.78
IVE	1354902027	ask	65.79
IVE	1354902053	price	65.8
IVE	1354902053	ask	65.8
IVE	1354902085	price	65.811
IVE	1354902085	bid	65.81
IVE	1354902085	ask	65.82
IVE	1354902099	price	65.81
IVE	1354902099	ask	65.81
IVE	1354902142	ask	65.82
IVE	1354902142	bid	65.8
IVE	1354902142	ask	65.81
IVE	1354902183	price	65.811
IVE	1354902183	bid	65.81
IVE	1354902183	ask	65.82
IVE	1354902237	price	65.83
IVE	1354902237	bid	65.82
IVE	1354902237	ask	65.83
IVE	1354902260	price	65.82
IVE	1354902309	price	65.84
IVE	1354902309	bid	65.83
IVE	1354902309	ask	65.84
IVE	1354902321	price	65.83
IVE	1354902321	bid	65.82
IVE	1354902321	ask	65.83
IVE	1354902355	price	65.81
IVE	1354902355	bid	65.81
IVE	1354902355	ask	65.82
IVE	1354902480	price	65.84
IVE	1354902480	bid	65.83
IVE	1354902480	ask	65.84
IVE	1354902485	bid	65.84
IVE	1354902485	ask	65.85
IVE	1354902485	price	65.8417
IVE	1354902512	price	65.84
IVE	1354902512	bid	65.82
IVE	1354902512	ask	65.83
IVE	1354902519	price	65.8316
IVE	1354902519	bid	65.83
IVE	1354902519	ask	65.84
IVE	1354902553	price	65.83
IVE	1354902553	bid	65.82
IVE	1354902553	ask	65.83
IVE	1354902567	price	65.82
IVE	1354902567	bid	65.81
IVE	1354902567	ask	65.82
IVE	1354902572	bid	65.82
IVE	1354902677	price	65.84
IVE	1354902677	bid	65.84
IVE	1354902677	ask	65.85
IVE	1354902679	price	65.82
IVE	1354902679	bid	65.82
IVE	1354902679	ask	65.82
IVE	1354902684	price	65.81
IVE	1354902684	bid	65.81
IVE	1354902684	ask	65.81
IVE	1354902685	ask	65.82
IVE	1354902688	price	65.82
IVE	1354902688	bid	65.82
IVE	1354902688	ask	65.83
IVE	1354902700	price	65.81
IVE	1354902700	bid	65.81
IVE	1354902700	ask	65.82
IVE	1354902712	price	65.82
IVE	1354902776	price	65.81
IVE	1354902776	bid	65.8
IVE	1354902776	ask	65.81
IVE	1354902791	bid	65.81
IVE	1354902857	price	65.8
IVE	1354902857	bid	65.8
IVE	1354902857	ask	65.82
IVE	1354902877	price	65.818
IVE	1354902877	bid	65.81
IVE	1354902891	price	65.81
IVE	1354902891	bid	65.8
IVE	1354902891	ask	65.81
IVE	1354902916	bid	65.81
IVE	1354902952	price	65.8
IVE	1354902952	bid	65.8
IVE	1354902952	ask	65.8
IVE	1354902953	ask	65.81
IVE	1354902987	price	65.81
IVE	1354903081	price	65.83
IVE	1354903081	bid	65.82
IVE	1354903081	ask	65.83
IVE	1354903105	price	65.82
IVE	1354903105	bid	65.81
IVE	1354903105	ask	65.82
IVE	1354903183	price	65.84
IVE	1354903183	bid	65.84
IVE	1354903183	ask	65.85
IVE	1354903183	price	65.83
IVE	1354903183	price	65.84
IVE	1354903186	price	65.848
IVE	1354903245	price	65.829
IVE	1354903245	bid	65.82
IVE	1354903245	ask	65.83
IVE	1354903280	price	65.83
IVE	1354903306	price	65.8445
IVE	1354903306	bid	65.84
IVE	1354903306	ask	65.85
IVE	1354903320	price	65.88
IVE	1354903320	bid	65.88
IVE	1354903320	ask	65.88
IVE	1354903323	price	65.9
IVE	1354903323	bid	65.9
IVE	1354903323	ask	65.9
IVE	1354903330	price	65.87
IVE	1354903330	bid	65.87
IVE	1354903330	ask	65.87
IVE	1354903330	price	65.88
IVE	1354903330	ask	65.88
IVE	1354903331	price	65.87
IVE	1354903331	bid	65.86
IVE	1354903331	ask	65.87
IVE	1354903334	bid	65.87
IVE	1354903334	ask	65.88
IVE	1354903358	price	65.86
IVE	1354903358	ask	65.87
IVE	1354903375	price	65.88
IVE	1354903375	ask	65.88
IVE	1354903383	price	65.87
IVE	1354903383	bid	65.86
IVE	1354903383	ask	65.87
IVE	1354903420	price	65.8701
IVE	1354903420	bid	65.87
IVE	1354903420	ask	65.88
IVE	1354903438	price	65.87
IVE	1354903438	ask	65.87
IVE	1354903491	ask	65.88
IVE	1354903550	price	65.88
IVE	1354903550	bid	65.88
IVE	1354903550	ask	65.89
IVE	1354903656	price	65.888
IVE	1354903702	price	65.87
IVE	1354903702	bid	65.87
IVE	1354903702	ask	65.88
IVE	1354903799	price	65.86
IVE	1354903799	bid	65.85
IVE	1354903799	ask	65.86
IVE	1354903912	price	65.88
IVE	1354903912	bid	65.88
IVE	1354903912	ask	65.88
IVE	1354903967	bid	65.87
IVE	1354904114	price	65.86
IVE	1354904114	bid	65.85
IVE	1354904114	ask	65.86
IVE	1354904192	price	65.88
IVE	1354904192	bid	65.87
IVE	1354904192	ask	65.88
IVE	1354904258	price	65.86
IVE	1354904258	bid	65.85
IVE	1354904258	ask	65.86
IVE	1354904258	price	65.85
IVE	1354904258	ask	65.85
IVE	1354904299	price	65.8643
IVE	1354904299	bid	65.86
IVE	1354904299	ask	65.87
IVE	1354904327	price	65.86
IVE	1354904327	ask	65.86
IVE	1354904355	price	65.861
IVE	1354904355	ask	65.87
IVE	1354904444	price	65.84
IVE	1354904444	bid	65.84
IVE	1354904444	ask	65.85
IVE	1354904480	bid	65.83
IVE	1354904480	ask	65.84
IVE	1354904570	price	65.869
IVE	1354904570	bid	65.86
IVE	1354904570	ask	65.87
IVE	1354904638	price	65.8555
IVE	1354904638	bid	65.85
IVE	1354904638	ask	65.86
IVE	1354904690	price	65.87
IVE	1354904690	bid	65.87
IVE	1354904690	ask	65.87
IVE	1354904711	ask	65.88
IVE	1354904747	price	65.89
IVE	1354904747	bid	65.89
IVE	1354904747	ask	65.89
IVE	1354904807	price	65.91
IVE	1354904807	bid	65.9
IVE	1354904807	ask	65.91
IVE	1354904885	price	65.9
IVE	1354904885	ask	65.9
IVE	1354904939	price	65.9055
IVE	1354904939	ask	65.91
IVE	1354904952	price	65.91
IVE	1354904992	price	65.89
IVE	1354904992	bid	65.88
IVE	1354904992	ask	65.89
IVE	1354904992	bid	65.89
IVE	1354904992	ask	65.9
IVE	1354905014	bid	65.88
IVE	1354905014	ask	65.89
IVE	1354905026	price	65.9055
IVE	1354905026	bid	65.9
IVE	1354905026	ask	65.91
IVE	1354905055	price	65.9
IVE	1354905112	price	65.898
IVE	1354905112	bid	65.89
IVE	1354905112	ask	65.9
IVE	1354905115	price	65.896
IVE	1354905163	price	65.89
IVE	1354905163	bid	65.88
IVE	1354905163	ask	65.89
IVE	1354905198	price	65.88
IVE	1354905220	price	65.8881
IVE	1354905296	price	65.8955
IVE	1354905296	bid	65.89
IVE	1354905296	ask	65.9
IVE	1354905324	price	65.9
IVE	1354905382	price	65.908
IVE	1354905382	bid	65.9
IVE	1354905382	ask	65.91
IVE	1354905388	price	65.9
IVE	1354905467	price	65.89
IVE	1354905467	bid	65.88
IVE	1354905467	ask	65.89
IVE	1354905494	bid	65.89
IVE	1354905494	ask	65.9
IVE	1354905589	price	65.9001
IVE	1354905589	bid	65.9
IVE	1354905589	ask	65.91
IVE	1354905589	price	65.9021
IVE	1354905667	price	65.9
IVE	1354905667	ask	65.9
IVE	1354905668	price	65.891
IVE	1354905668	bid	65.89
IVE	1354905715	price	65.9
IVE	1354905715	bid	65.9
IVE	1354905715	ask	65.91
IVE	1354905736	price	65.89
IVE	1354905736	bid	65.89
IVE	1354905736	ask	65.9
IVE	1354905753	price	65.88
IVE	1354905753	bid	65.88
IVE	1354905753	ask	65.89
IVE	1354905857	price	65.881
IVE	1354905857	bid	65.87
IVE	1354905879	price	65.88
IVE	1354905879	bid	65.88
IVE	1354905889	bid	65.87
IVE	1354905889	ask	65.88
IVE	1354905930	price	65.89
IVE	1354905930	bid	65.88
IVE	1354905930	ask	65.89
IVE	1354905938	price	65.88
IVE	1354905938	bid	65.87
IVE	1354905938	ask	65.88
IVE	1354906010	price	65.89
IVE	1354906010	bid	65.88
IVE	1354906010	ask	65.89
IVE	1354906010	bid	65.89
IVE	1354906010	ask	65.9
IVE	1354906028	bid	65.88
IVE	1354906028	ask	65.89
IVE	1354906028	bid	65.89
IVE	1354906028	ask	65.9
IVE	1354906034	bid	65.88
IVE	1354906034	ask	65.89
IVE	1354906034	bid	65.89
IVE	1354906034	ask	65.9
IVE	1354906039	bid	65.88
IVE	1354906039	ask	65.89
IVE	1354906039	bid	65.89
IVE	1354906039	ask	65.9
IVE	1354906040	price	65.895
IVE	1354906040	price	65.899
IVE	1354906056	price	65.89
IVE	1354906056	bid	65.88
IVE	1354906056	ask	65.89
IVE	1354906078	price	65.8849
IVE	1354906078	ask	65.9
IVE	1354906130	price	65.88
IVE	1354906130	ask	65.88
IVE	1354906143	price	65.87
IVE	1354906143	bid	65.87
IVE	1354906143	bid	65.86
IVE	1354906143	ask	65.87
IVE	1354906264	bid	65.87
IVE	1354906264	ask	65.88
IVE	1354906310	price	65.88
IVE	1354906311	bid	65.88
IVE	1354906311	ask	65.89
IVE	1354906326	bid	65.87
IVE	1354906326	ask	65.88
IVE	1354906331	bid	65.88
IVE	1354906331	ask	65.89
IVE	1354906363	price	65.8901
IVE	1354906363	bid	65.89
IVE	1354906363	ask	65.9
IVE	1354906371	price	65.9
IVE	1354906432	price	65.88
IVE	1354906432	bid	65.88
IVE	1354906432	ask	65.89
IVE	1354906474	bid	65.87
IVE	1354906474	ask	65.88
IVE	1354906474	bid	65.88
IVE	1354906474	ask	65.89
IVE	1354906475	bid	65.87
IVE	1354906475	ask	65.88
IVE	1354906494	price	65.87
IVE	1354906496	ask	65.87
IVE	1354906506	price	65.88
IVE	1354906506	ask	65.88
IVE	1354906520	bid	65.88
IVE	1354906520	ask	65.89
IVE	1354906537	bid	65.87
IVE	1354906537	ask	65.88
IVE	1354906538	price	65.888
IVE	1354906538	bid	65.86
IVE	1354906538	ask	65.87
IVE	1354906570	price	65.8631
IVE	1354906570	ask	65.88
IVE	1354906584	price	65.87
IVE	1354906584	bid	65.87
IVE	1354906584	ask	65.87
IVE	1354906589	price	65.86
IVE	1354906589	bid	65.85
IVE	1354906589	ask	65.86
IVE	1354906608	bid	65.86
IVE	1354906608	ask	65.87
IVE	1354906608	bid	65.85
IVE	1354906608	ask	65.86
IVE	1354906608	ask	65.87
IVE	1354906683	price	65.8732
IVE	1354906683	bid	65.87
IVE	1354906683	ask	65.88
IVE	1354906731	price	65.87
IVE	1354906778	price	65.9
IVE	1354906778	bid	65.9
IVE	1354906778	ask	65.9
IVE	1354906779	price	65.89
IVE	1354906779	bid	65.89
IVE	1354906779	ask	65.89
IVE	1354906872	price	65.868
IVE	1354906872	bid	65.86
IVE	1354906872	ask	65.87
IVE	1354906882	price	65.8646
IVE	1354906884	price	65.865
IVE	1354906950	price	65.87
IVE	1354906950	bid	65.87
IVE	1354906980	ask	65.88
IVE	1354907060	bid	65.86
IVE	1354907060	ask	65.87
IVE	1354907066	price	65.8745
IVE	1354907066	bid	65.87
IVE	1354907066	ask	65.88
IVE	1354907073	price	65.88
IVE	1354907103	bid	65.88
IVE	1354907103	ask	65.89
IVE	1354907152	price	65.8799
IVE	1354907152	bid	65.87
IVE	1354907152	ask	65.88
IVE	1354907220	price	65.8899
IVE	1354907220	bid	65.88
IVE	1354907220	ask	65.89
IVE	1354907225	price	65.88
IVE	1354907257	price	65.87
IVE	1354907257	bid	65.87
IVE	1354907257	ask	65.87
IVE	1354907346	price	65.855
IVE	1354907346	bid	65.85
IVE	1354907346	ask	65.86
IVE	1354907397	price	65.85
IVE	1354907397	bid	65.84
IVE	1354907397	ask	65.85
IVE	1354907433	price	65.86
IVE	1354907433	bid	65.85
IVE	1354907433	ask	65.86
IVE	1354907443	price	65.8555
IVE	1354907497	price	65.87
IVE	1354907497	bid	65.87
IVE	1354907497	ask	65.88
IVE	1354907505	price	65.8799
IVE	1354907505	bid	65.86
IVE	1354907553	price	65.8601
IVE	1354907553	ask	65.87
IVE	1354907599	ask	65.88
IVE	1354907719	price	65.8801
IVE	1354907719	bid	65.88
IVE	1354907719	ask	65.89
IVE	1354907721	price	65.88
IVE	1354907721	ask	65.88
IVE	1354907730	price	65.871
IVE	1354907730	bid	65.87
IVE	1354907755	price	65.88
IVE	1354907755	bid	65.88
IVE	1354907755	ask	65.89
IVE	1354907799	price	65.9
IVE	1354907799	bid	65.89
IVE	1354907799	ask	65.9
IVE	1354907799	bid	65.9
IVE	1354907799	ask	65.91
IVE	1354907804	bid	65.89
IVE	1354907804	ask	65.9
IVE	1354907817	price	65.89
IVE	1354907820	bid	65.88
IVE	1354907820	ask	65.89
IVE	1354907829	price	65.8955
IVE	1354907829	ask	65.9
IVE	1354907947	price	65.88
IVE	1354907947	bid	65.87
IVE	1354907947	ask	65.88
IVE	1354907948	price	65.8799
IVE	1354907948	price	65.8701
IVE	1354908051	price	65.8801
IVE	1354908051	bid	65.88
IVE	1354908051	ask	65.9
IVE	1354908111	price	65.9
IVE	1354908111	bid	65.9
IVE	1354908111	ask	65.91
IVE	1354908123	bid	65.89
IVE	1354908123	ask	65.9
IVE	1354908134	bid	65.9
IVE	1354908134	ask	65.91
IVE	1354908199	price	65.91
IVE	1354908199	bid	65.91
IVE	1354908199	ask	65.92
IVE	1354908290	price	65.92
IVE	1354908290	bid	65.92
IVE	1354908290	ask	65.93
IVE	1354908292	bid	65.91
IVE	1354908292	ask	65.92
IVE	1354908296	bid	65.92
IVE	1354908296	ask	65.93
IVE	1354908325	price	65.91
IVE	1354908325	bid	65.9
IVE	1354908325	ask	65.91
IVE	1354908357	price	65.89
IVE	1354908357	bid	65.89
IVE	1354908357	ask	65.9
IVE	1354908409	price	65.9
IVE	1354908418	price	65.91
IVE	1354908418	bid	65.91
IVE	1354908418	ask	65.91
IVE	1354908419	price	65.92
IVE	1354908419	bid	65.92
IVE	1354908419	ask	65.93
IVE	1354908424	price	65.9201
IVE	1354908424	price	65.93
IVE	1354908424	price	65.9201
IVE	1354908424	price	65.93
IVE	1354908428	price	65.9223
IVE	1354908475	price	65.92
IVE	1354908475	bid	65.91
IVE	1354908475	ask	65.92
IVE	1354908487	bid	65.92
IVE	1354908487	ask	65.93
IVE	1354908495	bid	65.91
IVE	1354908495	ask	65.92
IVE	1354908498	bid	65.92
IVE	1354908498	ask	65.93
IVE	1354908516	ask	65.94
IVE	1354908534	ask	65.93
IVE	1354908585	price	65.91
IVE	1354908585	bid	65.91
IVE	1354908585	ask	65.92
IVE	1354908592	price	65.9145
IVE	1354908599	price	65.91
IVE	1354908627	price	65.92
IVE	1354908627	bid	65.92
IVE	1354908627	ask	65.93
IVE	1354908627	price	65.91
IVE	1354908627	bid	65.91
IVE	1354908632	price	65.92
IVE	1354908632	bid	65.92
IVE	1354908695	price	65.922
IVE	1354908699	price	65.9299
IVE	1354908709	price	65.92
IVE	1354908738	price	65.93
IVE	1354908738	bid	65.93
IVE	1354908738	ask	65.94
IVE	1354908804	price	65.94
IVE	1354908804	bid	65.94
IVE	1354908804	ask	65.95
IVE	1354908821	price	65.9479
IVE	1354908821	price	65.94
IVE	1354908829	bid	65.93
IVE	1354908829	ask	65.94
IVE	1354908830	bid	65.94
IVE	1354908830	ask	65.95
IVE	1354908830	bid	65.93
IVE	1354908837	price	65.96
IVE	1354908837	bid	65.96
IVE	1354908837	ask	65.96
IVE	1354908869	bid	65.95
IVE	1354908875	price	65.95
IVE	1354908875	bid	65.94
IVE	1354908875	ask	65.95
IVE	1354908931	price	65.96
IVE	1354908931	bid	65.95
IVE	1354908931	ask	65.96
IVE	1354909004	price	65.9664
IVE	1354909004	bid	65.96
IVE	1354909004	ask	65.97
IVE	1354909030	price	65.9699
IVE	1354909090	price	65.9623
IVE	1354909178	price	65.98
IVE	1354909178	bid	65.98
IVE	1354909178	ask	65.99
IVE	1354909188	price	65.97
IVE	1354909188	bid	65.97
IVE	1354909188	ask	65.97
IVE	1354909188	price	65.9652
IVE	1354909188	bid	65.96
IVE	1354909256	price	65.96
IVE	1354909256	ask	65.96
IVE	1354909289	price	65.9445
IVE	1354909289	bid	65.94
IVE	1354909289	ask	65.95
IVE	1354909315	price	65.94
IVE	1354909315	bid	65.92
IVE	1354909315	ask	65.94
IVE	1354909330	price	65.93
IVE	1354909330	bid	65.93
IVE	1354909407	price	65.95
IVE	1354909407	bid	65.95
IVE	1354909407	ask	65.96
IVE	1354909425	bid	65.94
IVE	1354909425	ask	65.95
IVE	1354909446	price	65.93
IVE	1354909446	bid	65.92
IVE	1354909446	ask	65.93
IVE	1354909446	bid	65.93
IVE	1354909446	ask	65.94
IVE	1354909496	price	65.94
IVE	1354909496	bid	65.94
IVE	1354909496	price	65.93
IVE	1354909496	bid	65.93
IVE	1354909541	price	65.94
IVE	1354909541	bid	65.94
IVE	1354909541	ask	65.95
IVE	1354909558	bid	65.93
IVE	1354909558	ask	65.94
IVE	1354909606	price	65.9499
IVE	1354909606	bid	65.94
IVE	1354909606	ask	65.95
IVE	1354909677	price	65.949
IVE	1354909705	price	65.95
IVE	1354909705	ask	65.96
IVE	1354909780	price	65.93
IVE	1354909780	bid	65.92
IVE	1354909780	ask	65.93
IVE	1354909788	bid	65.93
IVE	1354909788	ask	65.94
IVE	1354909789	price	65.94
IVE	1354909800	price	65.93
IVE	1354909800	bid	65.92
IVE	1354909800	ask	65.93
IVE	1354909846	bid	65.93
IVE	1354909847	ask	65.94
IVE	1354909909	price	65.9399
IVE	1354909909	price	65.9317
IVE	1354909909	price	65.9398
IVE	1354909940	price	65.92
IVE	1354909940	bid	65.92
IVE	1354909940	ask	65.93
IVE	1354909960	price	65.93
IVE	1354910000	bid	65.93
IVE	1354910153	price	65.9499
IVE	1354910153	bid	65.94
IVE	1354910153	ask	65.95
IVE	1354910153	price	65.94
IVE	1354910153	price	65.9495
IVE	1354910153	price	65.94
IVE	1354910153	price	65.9497
IVE	1354910198	price	65.94
IVE	1354910198	bid	65.93
IVE	1354910198	ask	65.94
IVE	1354910255	ask	65.95
IVE	1354910274	bid	65.94
IVE	1354910274	ask	65.94
IVE	1354910305	price	65.9499
IVE	1354910305	ask	65.95
IVE	1354910390	price	65.94
IVE	1354910390	price	65.95
IVE	1354910393	price	65.94
IVE	1354910394	price	65.95
IVE	1354910394	bid	65.93
IVE	1354910442	price	65.93
IVE	1354910442	ask	65.94
IVE	1354910444	price	65.9395
IVE	1354910471	price	65.9401
IVE	1354910471	bid	65.94
IVE	1354910471	ask	65.95
IVE	1354910479	price	65.9455
IVE	1354910546	price	65.9399
IVE	1354910546	bid	65.93
IVE	1354910546	ask	65.94
IVE	1354910546	price	65.9395
IVE	1354910546	price	65.9399
IVE	1354910546	price	65.9398
IVE	1354910580	price	65.94
IVE	1354910580	bid	65.94
IVE	1354910580	ask	65.95
IVE	1354910649	price	65.9417
IVE	1354910649	price	65.95
IVE	1354910653	price	65.97
IVE	1354910653	bid	65.96
IVE	1354910653	ask	65.97
IVE	1354910654	price	65.96
IVE	1354910660	ask	65.96
IVE	1354910678	price	65.95
IVE	1354910678	bid	65.95
IVE	1354910678	ask	65.95
IVE	1354910709	bid	65.94
IVE	1354910738	price	65.94
IVE	1354910738	ask	65.94
IVE	1354910751	ask	65.95
IVE	1354910786	price	65.95
IVE	1354910786	bid	65.95
IVE	1354910786	ask	65.96
IVE	1354910829	bid	65.94
IVE	1354910829	ask	65.95
IVE	1354910840	price	65.94
IVE	1354910840	bid	65.93
IVE	1354910840	ask	65.94
IVE	1354910855	bid	65.94
IVE	1354910856	ask	65.95
IVE	1354910858	price	65.95
IVE	1354910909	price	65.94
IVE	1354910909	bid	65.93
IVE	1354910909	ask	65.94
IVE	1354910926	price	65.95
IVE	1354910926	bid	65.95
IVE	1354910926	ask	65.95
IVE	1354910948	price	65.96
IVE	1354910948	ask	65.96
IVE	1354910968	price	65.95
IVE	1354910968	bid	65.94
IVE	1354910968	ask	65.95
IVE	1354910984	price	65.9426
IVE	1354911058	price	65.95
IVE	1354911068	price	65.948
IVE	1354911103	price	65.93
IVE	1354911103	bid	65.93
IVE	1354911103	ask	65.94
IVE	1354911123	ask	65.93
IVE	1354911143	price	65.91
IVE	1354911143	bid	65.91
IVE	1354911143	ask	65.92
IVE	1354911156	bid	65.9
IVE	1354911156	ask	65.91
IVE	1354911175	price	65.912
IVE	1354911175	bid	65.91
IVE	1354911175	ask	65.92
IVE	1354911180	price	65.9114
IVE	1354911203	price	65.92
IVE	1354911247	price	65.9323
IVE	1354911247	bid	65.93
IVE	1354911247	ask	65.94
IVE	1354911257	price	65.93
IVE	1354911257	bid	65.92
IVE	1354911257	ask	65.93
IVE	1354911274	price	65.9316
IVE	1354911274	bid	65.93
IVE	1354911274	ask	65.94
IVE	1354911287	price	65.93
IVE	1354911288	price	65.92
IVE	1354911288	bid	65.92
IVE	1354911288	ask	65.93
IVE	1354911296	price	65.9221
IVE	1354911308	price	65.916
IVE	1354911308	bid	65.91
IVE	1354911308	ask	65.92
IVE	1354911314	price	65.92
IVE	1354911355	price	65.9299
IVE	1354911355	bid	65.92
IVE	1354911355	ask	65.93
IVE	1354911356	price	65.93
IVE	1354911356	bid	65.93
IVE	1354911356	ask	65.94
IVE	1354911381	price	65.9201
IVE	1354911381	bid	65.92
IVE	1354911381	ask	65.93
IVE	1354911411	price	65.9101
IVE	1354911411	bid	65.91
IVE	1354911411	ask	65.92
IVE	1354911418	price	65.9155
IVE	1354911424	price	65.92
IVE	1354911456	bid	65.92
IVE	1354911456	ask	65.93
IVE	1354911522	price	65.928
IVE	1354911532	price	65.9201
IVE	1354911621	price	65.92
IVE	1354911621	bid	65.91
IVE	1354911621	ask	65.92
IVE	1354911654	price	65.9
IVE	1354911654	bid	65.89
IVE	1354911654	ask	65.9
IVE	1354911655	price	65.89
IVE	1354911692	price	65.88
IVE	1354911692	bid	65.88
IVE	1354911692	ask	65.88
IVE	1354911702	price	65.908
IVE	1354911702	bid	65.9
IVE	1354911702	ask	65.91
IVE	1354911723	price	65.9
IVE	1354911723	ask	65.9
IVE	1354911764	bid	65.89
IVE	1354911786	price	65.88
IVE	1354911786	bid	65.87
IVE	1354911786	ask	65.88
IVE	1354911786	bid	65.88
IVE	1354911786	ask	65.89
IVE	1354911842	price	65.89
IVE	1354911842	bid	65.89
IVE	1354911842	ask	65.9
IVE	1354911858	price	65.901
IVE	1354911858	bid	65.9
IVE	1354911858	ask	65.91
IVE	1354911861	price	65.91
IVE	1354911861	bid	65.91
IVE	1354911861	ask	65.92
IVE	1354911876	price	65.9124
IVE	1354911890	price	65.91
IVE	1354911890	bid	65.9
IVE	1354911890	ask	65.91
IVE	1354911900	price	65.9
IVE	1354911900	ask	65.9
IVE	1354911928	bid	65.89
IVE	1354911940	price	65.91
IVE	1354911940	bid	65.9
IVE	1354911940	ask	65.91
IVE	1354911965	price	65.9
IVE	1354911967	bid	65.89
IVE	1354911967	ask	65.9
IVE	1354911974	bid	65.9
IVE	1354911974	ask	65.91
IVE	1354912151	price	65.88
IVE	1354912151	bid	65.88
IVE	1354912151	ask	65.89
IVE	1354912160	bid	65.87
IVE	1354912160	ask	65.88
IVE	1354912172	bid	65.88
IVE	1354912172	ask	65.89
IVE	1354912186	price	65.8924
IVE	1354912186	bid	65.89
IVE	1354912186	ask	65.9
IVE	1354912189	price	65.9
IVE	1354912189	bid	65.9
IVE	1354912189	ask	65.91
IVE	1354912205	price	65.9245
IVE	1354912205	bid	65.92
IVE	1354912205	ask	65.93
IVE	1354912229	price	65.93
IVE	1354912265	price	65.92
IVE	1354912310	price	65.94
IVE	1354912310	bid	65.94
IVE	1354912310	ask	65.95
IVE	1354912346	price	65.95
IVE	1354912346	bid	65.95
IVE	1354912346	price	65.96
IVE	1354912346	price	65.97
IVE	1354912346	bid	65.97
IVE	1354912346	ask	65.97
IVE	1354912361	price	65.96
IVE	1354912361	bid	65.95
IVE	1354912363	price	65.95
IVE	1354912363	ask	65.96
IVE	1354912365	price	65.94
IVE	1354912365	bid	65.94
IVE	1354912365	ask	65.95
IVE	1354912376	price	65.92
IVE	1354912376	bid	65.92
IVE	1354912376	ask	65.92
IVE	1354912377	ask	65.93
IVE	1354912414	price	65.95
IVE	1354912414	bid	65.95
IVE	1354912414	ask	65.96
IVE	1354912415	bid	65.94
IVE	1354912415	ask	65.95
IVE	1354912452	price	65.9535
IVE	1354912452	bid	65.95
IVE	1354912452	ask	65.96
IVE	1354912456	price	65.958
IVE	1354912465	price	65.95
IVE	1354912501	price	65.94
IVE	1354912501	bid	65.94
IVE	1354912501	ask	65.95
IVE	1354912654	price	65.97
IVE	1354912654	bid	65.97
IVE	1354912654	ask	65.98
IVE	1354912723	price	65.94
IVE	1354912723	bid	65.94
IVE	1354912723	ask	65.95
IVE	1354912775	price	65.9401
IVE	1354912775	price	65.95
IVE	1354912775	bid	65.95
IVE	1354912775	ask	65.96
IVE	1354912815	price	65.97
IVE	1354912815	bid	65.96
IVE	1354912815	ask	65.97
IVE	1354912847	price	65.9799
IVE	1354912847	bid	65.97
IVE	1354912847	ask	65.98
IVE	1354912898	price	65.99
IVE	1354912898	bid	65.99
IVE	1354912898	ask	66.0
IVE	1354912952	ask	65.99
IVE	1354912967	price	65.974
IVE	1354912967	bid	65.97
IVE	1354913067	price	65.99
IVE	1354913067	bid	65.99
IVE	1354913067	ask	66.0
IVE	1354913093	ask	65.99
IVE	1354913357	price	66.01
IVE	1354913357	bid	66.0
IVE	1354913357	ask	66.01
IVE	1354913400	price	66.0
IVE	1354913428	price	66.0199
IVE	1354913428	bid	66.01
IVE	1354913428	ask	66.02
IVE	1354913470	price	66.02
IVE	1354913470	bid	66.02
IVE	1354913478	ask	66.03
IVE	1354913479	bid	66.01
IVE	1354913479	ask	66.02
IVE	1354913522	bid	66.02
IVE	1354913522	ask	66.03
IVE	1354913545	ask	66.02
IVE	1354913549	price	66.01
IVE	1354913549	bid	66.01
IVE	1354913570	bid	66.0
IVE	1354913570	ask	66.01
IVE	1354913588	bid	66.01
IVE	1354913588	ask	66.02
IVE	1354913589	bid	66.0
IVE	1354913589	ask	66.01
IVE	1354913589	price	66.0099
IVE	1354913590	price	66.01
IVE	1354913609	price	66.0145
IVE	1354913609	bid	66.01
IVE	1354913609	ask	66.02
IVE	1354913625	price	66.011
IVE	1354913626	price	66.012
IVE	1354913646	price	66.0126
IVE	1354913651	price	66.01
IVE	1354913677	bid	66.0
IVE	1354913677	ask	66.01
IVE	1354913700	ask	66.02
IVE	1354913704	ask	66.01
IVE	1354913767	price	66.0046
IVE	1354913785	price	65.99
IVE	1354913785	bid	65.98
IVE	1354913785	ask	65.99
IVE	1354913785	bid	65.99
IVE	1354913785	ask	66.0
IVE	1354913838	price	65.998
IVE	1354913845	price	65.99
IVE	1354913856	bid	65.98
IVE	1354913856	ask	65.99
IVE	1354913856	ask	66.0
IVE	1354913910	ask	65.99
IVE	1354913915	price	65.9814
IVE	1354913915	price	65.99
IVE	1354913939	price	66.0
IVE	1354913939	bid	65.99
IVE	1354913939	ask	66.0
IVE	1354913959	price	66.03
IVE	1354913959	bid	66.03
IVE	1354913959	ask	66.04
IVE	1354913974	price	66.05
IVE	1354913974	bid	66.04
IVE	1354913974	ask	66.05
IVE	1354913977	price	66.04
